{
    "threshold": 0.08259982727586522,
    "size": 0.9999283105347576,
    "max_position": 1.4402863886965516,
    "adj_coef": 0.010064510119279117
}
