{
    "threshold": 0.015239329855242172,
    "size": 0.9923815884960946,
    "max_position": 1.1181477041221548,
    "adj_coef": 0.01003609462914438
}
