{
    "threshold": 34510,
    "size": 0.23893333363049835,
    "max_position": 1.1659519048987375,
    "adj_coef": 643
}
