{"threshold": 26.27665224756803, "size": 0.2667207481881172, "max_position": 1.2672197157116012, "adj_coef": 96}