{
    "threshold": 143.55582761988632,
    "size": 0.37240831931417623,
    "max_position": 1.0884419079916743,
    "adj_coef": 8
}
