{
    "threshold": 0.0937021726265799,
    "size": 0.133072099311748,
    "max_position": 1.0516794996642214,
    "adj_coef": 0.14122149934053285
}
