{"threshold": 650.8283779008096, "size": 0.5904114257610168, "max_position": 1.1761467894165492, "adj_coef": 54}