{
    "threshold": 0.020510488950676472,
    "size": 0.017410415907187435,
    "max_position": 1.4809977369463443,
    "adj_coef": 2.4811680342044973
}
